{
  "accuracy": 0.7288135593220338,
  "macro_f1": 0.6927419987702371
}